title,link,tags
Store Manager ,https://www.reed.co.uk/jobs/store-manager/39591042?source=searchResults#/jobs/animal-jobs,missing
Practical Learning Officer ,https://www.reed.co.uk/jobs/practical-learning-officer/39658362?source=searchResults#/jobs/animal-jobs,"Organisational Skills
Animal Management
Biological Science
Practical Programme Delivery
Teaching or Presenting Qualification"
Animal Technician,https://www.reed.co.uk/jobs/animal-technician/39724758?source=searchResults#/jobs/animal-jobs,"Animal Husbandry
Animal Science
Laboratory
Accurate Record Keeping"
Animal Technician,https://www.reed.co.uk/jobs/animal-technician/39550318?source=searchResults#/jobs/animal-jobs,missing
Animal Skinner ,https://www.reed.co.uk/jobs/animal-skinner/39548808?source=searchResults#/jobs/animal-jobs,missing
Animal Technician,https://www.reed.co.uk/jobs/animal-technician/39544700?source=searchResults#/jobs/animal-jobs,"Animal Husbandry
Animal Welfare"
Licensed Animal Technician,https://www.reed.co.uk/jobs/licensed-animal-technician/39523939?source=searchResults#/jobs/animal-jobs,"Animal Science
Animal Welfare
In Vivo
Laboratory
Animal Research"
Trainee Animal Technician,https://www.reed.co.uk/jobs/trainee-animal-technician/39603131?source=searchResults#/jobs/animal-jobs,"Animal Husbandry
Animal Welfare
Laboratory"
Animal Care Technician,https://www.reed.co.uk/jobs/animal-care-technician/39617179?source=searchResults#/jobs/animal-jobs,missing
Animal Control Officer,https://www.reed.co.uk/jobs/animal-control-officer/39650276?source=searchResults#/jobs/animal-jobs,missing
Animal Control Officer,https://www.reed.co.uk/jobs/animal-control-officer/39656363?source=searchResults#/jobs/animal-jobs,missing
Licensed Animal Technician,https://www.reed.co.uk/jobs/licensed-animal-technician/39714833?source=searchResults#/jobs/animal-jobs,"Animal Science
Animal Welfare
Laboratory
Transgenic Mice"
Animal Centre Manager,https://www.reed.co.uk/jobs/animal-centre-manager/39642949?source=searchResults#/jobs/animal-jobs,missing
Licensed Animal Technician,https://www.reed.co.uk/jobs/licensed-animal-technician/39615351?source=searchResults#/jobs/animal-jobs,missing
Animal Control Officer ,https://www.reed.co.uk/jobs/animal-control-officer/39657879?source=searchResults#/jobs/animal-jobs,"Animal Welfare
Animals
Dogs
Inspections
Pest Control"
Junior Animal Technician,https://www.reed.co.uk/jobs/junior-animal-technician/39655921?source=searchResults#/jobs/animal-jobs,"Animal Husbandry
Animal Welfare
Laboratory
Accurate Record Keeping"
Licensed Animal Technician,https://www.reed.co.uk/jobs/licensed-animal-technician/39655903?source=searchResults#/jobs/animal-jobs,"Animal Science
Animal Welfare
Laboratory"
Animal Care Tutor,https://www.reed.co.uk/jobs/animal-care-tutor/39636403?source=searchResults#/jobs/animal-jobs,missing
Experienced Animal Technician,https://www.reed.co.uk/jobs/experienced-animal-technician/39750933?source=searchResults#/jobs/animal-jobs,"Animal Husbandry
Animal Science
In Vivo
Accurate Record Keeping"
Trainee Animal Technician,https://www.reed.co.uk/jobs/trainee-animal-technician/39702194?source=searchResults#/jobs/animal-jobs,"Animal Husbandry
Animal Welfare
Laboratory"
Animal Care Technician,https://www.reed.co.uk/jobs/animal-care-technician/39661902?source=searchResults#/jobs/animal-jobs,missing
Trainee Animal Technician,https://www.reed.co.uk/jobs/trainee-animal-technician/39603126?source=searchResults#/jobs/animal-jobs,"Animal Husbandry
Animal Science
Animal Welfare
Laboratory"
Animal Management Lecturer,https://www.reed.co.uk/jobs/animal-management-lecturer/39643674?source=searchResults#/jobs/animal-jobs,missing
Animal Management Lecturer,https://www.reed.co.uk/jobs/animal-management-lecturer/39643575?source=searchResults#/jobs/animal-jobs,missing
Tutor of Animal Care,https://www.reed.co.uk/jobs/tutor-of-animal-care/39554652?source=searchResults#/jobs/animal-jobs,"SEN
Special Needs
Tutor
Animal Care. BTEC"
Associate Lecturer in Animal Management,https://www.reed.co.uk/jobs/associate-lecturer-in-animal-management/39528789?source=searchResults#/jobs/animal-jobs,missing
Events Administrator - Animal Charity,https://www.reed.co.uk/jobs/events-administrator-animal-charity/39650868?source=searchResults#/jobs/animal-jobs,missing
Associate Lecturer in Animal Management,https://www.reed.co.uk/jobs/associate-lecturer-in-animal-management/39528789?source=searchResults#/jobs/animal-jobs,missing
Store Manager ,https://www.reed.co.uk/jobs/store-manager/39692877?source=searchResults#/jobs/animal-jobs,missing
Animal Care Lecturer Maternity Cover,https://www.reed.co.uk/jobs/animal-care-lecturer-maternity-cover/39754758?source=searchResults#/jobs/animal-jobs,missing
Animal Feed Process and Compliance Manager,https://www.reed.co.uk/jobs/animal-feed-process-and-compliance-manager/39754634?source=searchResults#/jobs/animal-jobs,"Chemistry
Compliance
International Auditing
Procedure Compliance
Product Sampling"
Sales Executive - Animal Health Industry,https://www.reed.co.uk/jobs/sales-executive-animal-health-industry/39684513?source=searchResults#/jobs/animal-jobs,"Business Development
Sales
B2B Marketing
Build Strong Relationships"
Area Manager West Africa - Animal Nutrition,https://www.reed.co.uk/jobs/area-manager-west-africa-animal-nutrition/39621043?source=searchResults#/jobs/animal-jobs,missing
Recruitment Consultant (Sales and Marketing - Animal Healthcare),https://www.reed.co.uk/jobs/recruitment-consultant-sales-and-marketing-animal-healthcare/39739856?source=searchResults#/jobs/animal-jobs,"Animal Nutrition
Recruitment
Sales Recruitment"
Area Manager Russia & CIS - Animal Nutrition,https://www.reed.co.uk/jobs/area-manager-russia-cis-animal-nutrition/39621037?source=searchResults#/jobs/animal-jobs,missing
Full / Part Time Veterinary Surgeon - Small Animal Hospital - Bonuses and Benefits,https://www.reed.co.uk/jobs/full-part-time-veterinary-surgeon-small-animal-hospital-bonuses-and-benefits/38932238?source=searchResults#/jobs/animal-jobs,"Medicine
Imaging
ophthalmology
Veterinary Surgeon
Small Animal"
Recruitment Consultant - (Animal Health),https://www.reed.co.uk/jobs/recruitment-consultant-animal-health/39684389?source=searchResults#/jobs/animal-jobs,"Business Development
Sales
Candidate Generation
Build Strong Relationships"
Weekend RVN position,https://www.reed.co.uk/jobs/weekend-rvn-position/39666819?source=searchResults#/jobs/animal-jobs,missing
Registered Veterinary Nurse - Full Time,https://www.reed.co.uk/jobs/registered-veterinary-nurse-full-time/39733229?source=searchResults#/jobs/animal-jobs,missing
Head Veterinary Nurse - Full Time,https://www.reed.co.uk/jobs/head-veterinary-nurse-full-time/39624133?source=searchResults#/jobs/animal-jobs,missing
RVN Vet Nurse,https://www.reed.co.uk/jobs/rvn-vet-nurse/39753921?source=searchResults#/jobs/animal-jobs,missing
Veterinary Surgeon - Full Time,https://www.reed.co.uk/jobs/veterinary-surgeon-full-time/39641458?source=searchResults#/jobs/animal-jobs,missing
Science and Public Affairs Director,https://www.reed.co.uk/jobs/science-and-public-affairs-director/39584022?source=searchResults#/jobs/animal-jobs,missing
Veterinary Surgeon,https://www.reed.co.uk/jobs/veterinary-surgeon/39678761?source=searchResults#/jobs/animal-jobs,missing
Veterinary Surgeon - Full Time,https://www.reed.co.uk/jobs/veterinary-surgeon-full-time/39743679?source=searchResults#/jobs/animal-jobs,missing
Head Veterinary Nurse - Full Time,https://www.reed.co.uk/jobs/head-veterinary-nurse-full-time/39614410?source=searchResults#/jobs/animal-jobs,missing
Veterinarian,https://www.reed.co.uk/jobs/veterinarian/39612052?source=searchResults#/jobs/animal-jobs,"Animal Husbandry
Biotechnology
In Vivo
Pharmacology
Veterinary"
Behaviour and Welfare Adviser BWA445-BYM,https://www.reed.co.uk/jobs/behaviour-and-welfare-adviser-bwa445-bym/39604795?source=searchResults#/jobs/animal-jobs,missing
Behaviour and Welfare Adviser BWA445-F,https://www.reed.co.uk/jobs/behaviour-and-welfare-adviser-bwa445-f/39604668?source=searchResults#/jobs/animal-jobs,missing
Locum RVN - Full Time - ASAP start - Several Months,https://www.reed.co.uk/jobs/locum-rvn-full-time-asap-start-several-months/39721913?source=searchResults#/jobs/animal-jobs,missing
Head Veterinary Nurse - Hertfordshire,https://www.reed.co.uk/jobs/head-veterinary-nurse-hertfordshire/39710548?source=searchResults#/jobs/animal-jobs,missing
Locum Night Vet - Full Time,https://www.reed.co.uk/jobs/locum-night-vet-full-time/39651740?source=searchResults#/jobs/animal-jobs,missing
Veterinary Surgeon - Full Time,https://www.reed.co.uk/jobs/veterinary-surgeon-full-time/39676180?source=searchResults#/jobs/animal-jobs,missing
RVN Vet Nurse,https://www.reed.co.uk/jobs/rvn-vet-nurse/39743545?source=searchResults#/jobs/animal-jobs,missing
Store Manager (Fixed Term),https://www.reed.co.uk/jobs/store-manager-fixed-term/39591272?source=searchResults#/jobs/animal-jobs,missing
Practical Learning Officer ,https://www.reed.co.uk/jobs/practical-learning-officer/39658362?source=searchResults#/jobs/animal-jobs,"Organisational Skills
Animal Management
Biological Science
Practical Programme Delivery
Teaching or Presenting Qualification"
Inbound Sales Agent,https://www.reed.co.uk/jobs/inbound-sales-agent/39659765?source=searchResults#/jobs/animal-jobs,missing
RVN Veterinary Nurse,https://www.reed.co.uk/jobs/rvn-veterinary-nurse/39643814?source=searchResults#/jobs/animal-jobs,missing
Veterinary Surgeon New graduate,https://www.reed.co.uk/jobs/veterinary-surgeon-new-graduate/39688248?source=searchResults#/jobs/animal-jobs,missing
RVN Vet Nurse,https://www.reed.co.uk/jobs/rvn-vet-nurse/39743545?source=searchResults#/jobs/animal-jobs,missing
Veterinary Surgeon,https://www.reed.co.uk/jobs/veterinary-surgeon/39733342?source=searchResults#/jobs/animal-jobs,missing
Veterinary Surgeon - Full Time,https://www.reed.co.uk/jobs/veterinary-surgeon-full-time/39663842?source=searchResults#/jobs/animal-jobs,missing
3 year UK Experienced Veterinary Surgeon,https://www.reed.co.uk/jobs/3-year-uk-experienced-veterinary-surgeon/39663714?source=searchResults#/jobs/animal-jobs,missing
Behaviour and Welfare Adviser BWA445-AH,https://www.reed.co.uk/jobs/behaviour-and-welfare-adviser-bwa445-ah/39618710?source=searchResults#/jobs/animal-jobs,missing
Behaviour and Welfare Adviser BWA445-BBF,https://www.reed.co.uk/jobs/behaviour-and-welfare-adviser-bwa445-bbf/39618695?source=searchResults#/jobs/animal-jobs,missing
Behaviour and Welfare Adviser BWA445-BKF,https://www.reed.co.uk/jobs/behaviour-and-welfare-adviser-bwa445-bkf/39618676?source=searchResults#/jobs/animal-jobs,missing
Behaviour and Welfare Adviser BWA445-GA,https://www.reed.co.uk/jobs/behaviour-and-welfare-adviser-bwa445-ga/39604696?source=searchResults#/jobs/animal-jobs,missing
Pet Health Advisor,https://www.reed.co.uk/jobs/pet-health-advisor/39751364?source=searchResults#/jobs/animal-jobs,missing
Behaviour and Welfare Adviser BWA445-GF,https://www.reed.co.uk/jobs/behaviour-and-welfare-adviser-bwa445-gf/39604828?source=searchResults#/jobs/animal-jobs,missing
Operations Manager (Agricultural/Lairage),https://www.reed.co.uk/jobs/operations-manager-agricultural-lairage/39754058?source=searchResults#/jobs/animal-jobs,"Agricultural
Cattle
Operations Management
Procurement
lairage"
Workplace IT Architect,https://www.reed.co.uk/jobs/workplace-it-architect/39684249?source=searchResults#/jobs/animal-jobs,missing
Vet Nurse 412,https://www.reed.co.uk/jobs/vet-nurse-412/39716842?source=searchResults#/jobs/animal-jobs,"Animal Welfare
Clinical
Veterinary"
Customer Service Phone Agent - Recruitment Day,https://www.reed.co.uk/jobs/customer-service-phone-agent-recruitment-day/39671026?source=searchResults#/jobs/animal-jobs,missing
Facilities Coordinator,https://www.reed.co.uk/jobs/facilities-coordinator/39669551?source=searchResults#/jobs/animal-jobs,missing
Medical Writer - Healthcare Advertising Agency,https://www.reed.co.uk/jobs/medical-writer-healthcare-advertising-agency/39559873?source=searchResults#/jobs/animal-jobs,"medi
medical writer jobs
Medical writing jobs
medical copywriting jobs
medical copywriter jobs
jobs in medical copywriting
jobs in medical writing
healthcare advertising writing jobs
medical advertising writing jobs
medical writing vacancies"
DMPK Scientist,https://www.reed.co.uk/jobs/dmpk-scientist/39751115?source=searchResults#/jobs/animal-jobs,"Animal Science
Drug Development
In Vivo
DMPK"
Nutritionist,https://www.reed.co.uk/jobs/nutritionist/39586670?source=searchResults#/jobs/animal-jobs,missing
Events Administrator,https://www.reed.co.uk/jobs/events-administrator/39596941?source=searchResults#/jobs/animal-jobs,missing
Practical Learning Officer ,https://www.reed.co.uk/jobs/practical-learning-officer/39658362?source=searchResults#/jobs/animal-jobs,"Organisational Skills
Animal Management
Biological Science
Practical Programme Delivery
Teaching or Presenting Qualification"
Technical Lead-Pet,https://www.reed.co.uk/jobs/technical-lead-pet/39330212?source=searchResults#/jobs/animal-jobs,"Claims
Customer Service
Insurance
Interpersonal Skills
Written Communication"
Developer - ASP.NET,https://www.reed.co.uk/jobs/developer-aspnet/39654547?source=searchResults#/jobs/animal-jobs,missing
Store Manager ,https://www.reed.co.uk/jobs/store-manager/39591042?source=searchResults#/jobs/animal-jobs,missing
Store Manager ,https://www.reed.co.uk/jobs/store-manager/39692877?source=searchResults#/jobs/animal-jobs,missing
Export Shipping Clerk Warehouse,https://www.reed.co.uk/jobs/export-shipping-clerk-warehouse/39717841?source=searchResults#/jobs/animal-jobs,missing
Mobile Veterinary Care Assistant - Horley,https://www.reed.co.uk/jobs/mobile-veterinary-care-assistant-horley/39684941?source=searchResults#/jobs/animal-jobs,missing
Facilities Coordinator,https://www.reed.co.uk/jobs/facilities-coordinator/39669551?source=searchResults#/jobs/animal-jobs,missing
Medical Writer - Healthcare Advertising Agency,https://www.reed.co.uk/jobs/medical-writer-healthcare-advertising-agency/39559873?source=searchResults#/jobs/animal-jobs,"medi
medical writer jobs
Medical writing jobs
medical copywriting jobs
medical copywriter jobs
jobs in medical copywriting
jobs in medical writing
healthcare advertising writing jobs
medical advertising writing jobs
medical writing vacancies"
DMPK Scientist,https://www.reed.co.uk/jobs/dmpk-scientist/39751115?source=searchResults#/jobs/animal-jobs,"Animal Science
Drug Development
In Vivo
DMPK"
Territory Manager,https://www.reed.co.uk/jobs/territory-manager/39638937?source=searchResults#/jobs/animal-jobs,"Business Development
Pharmaceutical
Sales
Veterinary
Territory Management"
Territory Manager,https://www.reed.co.uk/jobs/territory-manager/39321885?source=searchResults#/jobs/animal-jobs,"Business Development
Pharmaceutical
Sales
Veterinary
Territory Management"
Technical Lead-Pet,https://www.reed.co.uk/jobs/technical-lead-pet/39330212?source=searchResults#/jobs/animal-jobs,"Claims
Customer Service
Insurance
Interpersonal Skills
Written Communication"
Veterinary Care Assistant - Esher,https://www.reed.co.uk/jobs/veterinary-care-assistant-esher/39703626?source=searchResults#/jobs/animal-jobs,"Animal Husbandry
Animal Welfare
Customer Care
Veterinary"
Mobile Veterinary Care Assistant - Enfield,https://www.reed.co.uk/jobs/mobile-veterinary-care-assistant-enfield/39688721?source=searchResults#/jobs/animal-jobs,missing
Mobile Veterinary Care Assistant - Woodstock,https://www.reed.co.uk/jobs/mobile-veterinary-care-assistant-woodstock/39701569?source=searchResults#/jobs/animal-jobs,missing
Mobile Veterinary Care Assisstant  - Leamington Spa,https://www.reed.co.uk/jobs/mobile-veterinary-care-assisstant-leamington-spa/39669735?source=searchResults#/jobs/animal-jobs,missing
Veterinary Care Assistant - Stoke Newington,https://www.reed.co.uk/jobs/veterinary-care-assistant-stoke-newington/39611493?source=searchResults#/jobs/animal-jobs,missing
IT Quality Lead,https://www.reed.co.uk/jobs/it-quality-lead/39738445?source=searchResults#/jobs/animal-jobs,missing
Mobile Veterinary Care Assistant - Watford,https://www.reed.co.uk/jobs/mobile-veterinary-care-assistant-watford/39710910?source=searchResults#/jobs/animal-jobs,missing
Mobile Veterinary Care Assistant - Richmond,https://www.reed.co.uk/jobs/mobile-veterinary-care-assistant-richmond/39611495?source=searchResults#/jobs/animal-jobs,missing
Internal Communications Officer,https://www.reed.co.uk/jobs/internal-communications-officer/39613315?source=searchResults#/jobs/animal-jobs,missing
Study Director,https://www.reed.co.uk/jobs/study-director/39655914?source=searchResults#/jobs/animal-jobs,"Animal Science
Data Analysis
Metabolism
PK
Study Managers"
Accounts and Sales Support Assistant,https://www.reed.co.uk/jobs/accounts-and-sales-support-assistant/39599989?source=searchResults#/jobs/animal-jobs,missing
Mobile Veterinary Care Assistant - Hendon,https://www.reed.co.uk/jobs/mobile-veterinary-care-assistant-hendon/39691014?source=searchResults#/jobs/animal-jobs,"Animal Husbandry
Animal Welfare
Customer Care
Veterinary
Quality Patient Care"
Registered Veterinary Nurse - Permanent / Flexible Hours - West Mdilands,https://www.reed.co.uk/jobs/registered-veterinary-nurse-permanent-flexible-hours-west-mdilands/38651843?source=searchResults#/jobs/animal-jobs,"Veterinary
RVN"
Aquarist Diver / Divemaster / Marine Zoologist - Aquarium,https://www.reed.co.uk/jobs/aquarist-diver-divemaster-marine-zoologist-aquarium/39742430?source=searchResults#/jobs/animal-jobs,"Marine
Zoology
Scuba Diving
Biologist
Marine Biologist
Marine Maintenance
Saturation Diving
Aquarium Maintenance
BSAC Dive Leader
Underwater Diving
Surface-Supplied Diving
Marine Operative
ACUC Divemaster
ANDI Divemaster"
Creative Artworker,https://www.reed.co.uk/jobs/creative-artworker/39755697?source=searchResults#/jobs/animal-jobs,missing
BTEC National Examiner - level 3,https://www.reed.co.uk/jobs/btec-national-examiner-level-3/38899255?source=searchResults#/jobs/animal-jobs,missing
Store Manager ,https://www.reed.co.uk/jobs/store-manager/39591058?source=searchResults#/jobs/animal-jobs,missing
Warehouse Operative (Fork Truck Driver),https://www.reed.co.uk/jobs/warehouse-operative-fork-truck-driver/39525408?source=searchResults#/jobs/animal-jobs,"Fork Lift
Overtime
Work Ethic
Methodical"
Practical Learning Officer ,https://www.reed.co.uk/jobs/practical-learning-officer/39658362?source=searchResults#/jobs/animal-jobs,"Organisational Skills
Animal Management
Biological Science
Practical Programme Delivery
Teaching or Presenting Qualification"
Aquarist Diver / Divemaster / Marine Zoologist - Aquarium,https://www.reed.co.uk/jobs/aquarist-diver-divemaster-marine-zoologist-aquarium/39742430?source=searchResults#/jobs/animal-jobs,"Marine
Zoology
Scuba Diving
Biologist
Marine Biologist
Marine Maintenance
Saturation Diving
Aquarium Maintenance
BSAC Dive Leader
Underwater Diving
Surface-Supplied Diving
Marine Operative
ACUC Divemaster
ANDI Divemaster"
BTEC National Examiner - level 3,https://www.reed.co.uk/jobs/btec-national-examiner-level-3/38899255?source=searchResults#/jobs/animal-jobs,missing
Store Manager ,https://www.reed.co.uk/jobs/store-manager/39692877?source=searchResults#/jobs/animal-jobs,missing
Store Manager ,https://www.reed.co.uk/jobs/store-manager/39591042?source=searchResults#/jobs/animal-jobs,missing
Store Manager ,https://www.reed.co.uk/jobs/store-manager/39591058?source=searchResults#/jobs/animal-jobs,missing
Lookout Lodge Host,https://www.reed.co.uk/jobs/lookout-lodge-host/39591262?source=searchResults#/jobs/animal-jobs,"Communication Skills
Customer Service
Organisational Skills
Full UK Driving Licence
Confident Public Speaker"
Recruitment Agency Sales Director,https://www.reed.co.uk/jobs/recruitment-agency-sales-director/39220013?source=searchResults#/jobs/animal-jobs,Recruitment
Pet Insurance Assessor,https://www.reed.co.uk/jobs/pet-insurance-assessor/39747252?source=searchResults#/jobs/animal-jobs,missing
Maintenance Manager,https://www.reed.co.uk/jobs/maintenance-manager/39696578?source=searchResults#/jobs/animal-jobs,missing
Store Manager (Fixed Term),https://www.reed.co.uk/jobs/store-manager-fixed-term/39591272?source=searchResults#/jobs/animal-jobs,missing
Store Manager ,https://www.reed.co.uk/jobs/store-manager/39591129?source=searchResults#/jobs/animal-jobs,missing
Lookout Lodge Host,https://www.reed.co.uk/jobs/lookout-lodge-host/39637288?source=searchResults#/jobs/animal-jobs,"Communication Skills
Customer Service
Organisational Skills
Full UK Driving Licence
Confident Public Speaker"
Receptionist - Veterinary Practice         ,https://www.reed.co.uk/jobs/receptionist-veterinary-practice/39704794?source=searchResults#/jobs/animal-jobs,missing
In Vivo Scientist,https://www.reed.co.uk/jobs/in-vivo-scientist/39705636?source=searchResults#/jobs/animal-jobs,"Animal Science
Animal Welfare
In Vivo"
Dog and Cat Grooming Assistant,https://www.reed.co.uk/jobs/dog-and-cat-grooming-assistant/39527338?source=searchResults#/jobs/animal-jobs,missing
Environmental Manager,https://www.reed.co.uk/jobs/environmental-manager/39745080?source=searchResults#/jobs/animal-jobs,missing
Veterinary Surgeon - Shropshire - Tier 2 Accredited Independent Practice ,https://www.reed.co.uk/jobs/veterinary-surgeon-shropshire-tier-2-accredited-independent-practice/39109899?source=searchResults#/jobs/animal-jobs,missing
Direct Marketing Specialist,https://www.reed.co.uk/jobs/direct-marketing-specialist/39656144?source=searchResults#/jobs/animal-jobs,missing
Team Leader for a LD centre,https://www.reed.co.uk/jobs/team-leader-for-a-ld-centre/39673350?source=searchResults#/jobs/animal-jobs,missing
Environmental Manager,https://www.reed.co.uk/jobs/environmental-manager/39745079?source=searchResults#/jobs/animal-jobs,missing
"Recruitment Consultant -Medical ,Pharmaceutical ,IT and Healthcare ",https://www.reed.co.uk/jobs/recruitment-consultant-medical-pharmaceutical-it-and-healthcare/38727151?source=searchResults#/jobs/animal-jobs,Recruitment
"Live in Couple Job, Cotswold’s",https://www.reed.co.uk/jobs/live-in-couple-job-cotswolds/39751316?source=searchResults#/jobs/animal-jobs,"Animals
Drive
Housekeeping
Maintenance"
Mobile Veterinary Receptionist - Central London,https://www.reed.co.uk/jobs/mobile-veterinary-receptionist-central-london/39684940?source=searchResults#/jobs/animal-jobs,missing
Recruiters -All Levels Required ,https://www.reed.co.uk/jobs/recruiters-all-levels-required/39486527?source=searchResults#/jobs/animal-jobs,missing
Business Solutions Manager,https://www.reed.co.uk/jobs/business-solutions-manager/39564920?source=searchResults#/jobs/animal-jobs,"Business Development
Farm
Pharmaceutical
Veterinary
Strategic Business"
Associate Lecturer in Animal Management,https://www.reed.co.uk/jobs/associate-lecturer-in-animal-management/39528789?source=searchResults#/jobs/animal-jobs,missing
Store Manager ,https://www.reed.co.uk/jobs/store-manager/39591058?source=searchResults#/jobs/animal-jobs,missing
Business Solutions Manager,https://www.reed.co.uk/jobs/business-solutions-manager/39564920?source=searchResults#/jobs/animal-jobs,"Business Development
Farm
Pharmaceutical
Veterinary
Strategic Business"
"Live in Couple Job, Gloucestershire",https://www.reed.co.uk/jobs/live-in-couple-job-gloucestershire/39751110?source=searchResults#/jobs/animal-jobs,"Housekeeping
Maintenance
Animal Friendly
Both Drive"
Site Manager,https://www.reed.co.uk/jobs/site-manager/39613961?source=searchResults#/jobs/animal-jobs,missing
Full Stack Engineer,https://www.reed.co.uk/jobs/full-stack-engineer/39595072?source=searchResults#/jobs/animal-jobs,missing
Graduate Teaching Assistant - Sutton,https://www.reed.co.uk/jobs/graduate-teaching-assistant-sutton/39752748?source=searchResults#/jobs/animal-jobs,missing
Graduate Teaching Assistant - Sutton,https://www.reed.co.uk/jobs/graduate-teaching-assistant-sutton/39741928?source=searchResults#/jobs/animal-jobs,missing
Trainee Pet Claims Assessor,https://www.reed.co.uk/jobs/trainee-pet-claims-assessor/39324715?source=searchResults#/jobs/animal-jobs,"Animals
Customer Service
Veterinary"
Medical Copywriter,https://www.reed.co.uk/jobs/medical-copywriter/39606282?source=searchResults#/jobs/animal-jobs,missing
Farm Administrator,https://www.reed.co.uk/jobs/farm-administrator/39676517?source=searchResults#/jobs/animal-jobs,"Farm
General Administration
Livestock
Office Administration
Veterinary"
Senior Legacy Marketing Executive Recruitment,https://www.reed.co.uk/jobs/senior-legacy-marketing-executive-recruitment/39595836?source=searchResults#/jobs/animal-jobs,missing
Events Manager,https://www.reed.co.uk/jobs/events-manager/39720759?source=searchResults#/jobs/animal-jobs,"Event Management
Fundraising
Marketing"
Project Specialist,https://www.reed.co.uk/jobs/project-specialist/39674259?source=searchResults#/jobs/animal-jobs,missing
Environmental Manager,https://www.reed.co.uk/jobs/environmental-manager/39754636?source=searchResults#/jobs/animal-jobs,"Anaerobic Digestion
ISO
Organic
Report Writing
Waste"
Charity Fundraiser / Telesales / Outbound Advisor,https://www.reed.co.uk/jobs/charity-fundraiser-telesales-outbound-advisor/39732566?source=searchResults#/jobs/animal-jobs,missing
Customer Service Advisor - RSPCA,https://www.reed.co.uk/jobs/customer-service-advisor-rspca/39710474?source=searchResults#/jobs/animal-jobs,missing
Scientist/Senior Scientist In Vivo,https://www.reed.co.uk/jobs/scientist-senior-scientist-in-vivo/39677178?source=searchResults#/jobs/animal-jobs,"R&D
Scientist
Assays
In vivo"
Digital Product Manager,https://www.reed.co.uk/jobs/digital-product-manager/39625429?source=searchResults#/jobs/animal-jobs,"Project
online
development
web
website
user stories
user journey
Digital Product"
Veterinary Surgeon - Full Time - Yorkshire,https://www.reed.co.uk/jobs/veterinary-surgeon-full-time-yorkshire/39108524?source=searchResults#/jobs/animal-jobs,"Veterinary
RCVS
Veterinary Surgeon
Small Animal"
"Live In Couple Job, Kent ",https://www.reed.co.uk/jobs/live-in-couple-job-kent/39738992?source=searchResults#/jobs/animal-jobs,"Childcare
Housekeeping
Maintenance
Security
Both Drivers"
Sales Office Manager - East of England ,https://www.reed.co.uk/jobs/sales-office-manager-east-of-england/39717799?source=searchResults#/jobs/animal-jobs,missing
Sales Associates ,https://www.reed.co.uk/jobs/sales-associates/39756990?source=searchResults#/jobs/animal-jobs,missing
Examiner - BTEC Next Generation,https://www.reed.co.uk/jobs/examiner-btec-next-generation/38899303?source=searchResults#/jobs/animal-jobs,missing
Farm Solutions Manager,https://www.reed.co.uk/jobs/farm-solutions-manager/39599404?source=searchResults#/jobs/animal-jobs,"Farm
Sales
Veterinary
Business Solution
Key Account Management"
HR Manager part-time,https://www.reed.co.uk/jobs/hr-manager-part-time/39756632?source=searchResults#/jobs/animal-jobs,missing
Temporary Client Services Advisor,https://www.reed.co.uk/jobs/temporary-client-services-advisor/39732243?source=searchResults#/jobs/animal-jobs,"Advisor
Calls
Customer Service
Guidance"
Lookout Lodge Host,https://www.reed.co.uk/jobs/lookout-lodge-host/39591262?source=searchResults#/jobs/animal-jobs,"Communication Skills
Customer Service
Organisational Skills
Full UK Driving Licence
Confident Public Speaker"
Store Manager ,https://www.reed.co.uk/jobs/store-manager/39692877?source=searchResults#/jobs/animal-jobs,missing
Pay & Reward Adviser,https://www.reed.co.uk/jobs/pay-reward-adviser/39572305?source=searchResults#/jobs/animal-jobs,"Analysis
Employment Law
Report Writing"
Environmental Manager,https://www.reed.co.uk/jobs/environmental-manager/39754636?source=searchResults#/jobs/animal-jobs,"Anaerobic Digestion
ISO
Organic
Report Writing
Waste"
Charity Fundraiser / Telesales / Outbound Advisor,https://www.reed.co.uk/jobs/charity-fundraiser-telesales-outbound-advisor/39732566?source=searchResults#/jobs/animal-jobs,missing
Sales Associates ,https://www.reed.co.uk/jobs/sales-associates/39756990?source=searchResults#/jobs/animal-jobs,missing
Farm Solutions Manager,https://www.reed.co.uk/jobs/farm-solutions-manager/39599404?source=searchResults#/jobs/animal-jobs,"Farm
Sales
Veterinary
Business Solution
Key Account Management"
"Live In Couple Job, Kent ",https://www.reed.co.uk/jobs/live-in-couple-job-kent/39738992?source=searchResults#/jobs/animal-jobs,"Childcare
Housekeeping
Maintenance
Security
Both Drivers"
Sales Office Manager - East of England ,https://www.reed.co.uk/jobs/sales-office-manager-east-of-england/39717799?source=searchResults#/jobs/animal-jobs,missing
Graduate SEN Teaching Assistant - Sutton,https://www.reed.co.uk/jobs/graduate-sen-teaching-assistant-sutton/39719695?source=searchResults#/jobs/animal-jobs,missing
HR Manager part-time,https://www.reed.co.uk/jobs/hr-manager-part-time/39756632?source=searchResults#/jobs/animal-jobs,missing
In Vivo Scientist,https://www.reed.co.uk/jobs/in-vivo-scientist/39751052?source=searchResults#/jobs/animal-jobs,"Animal Science
Drug Development
In Vivo"
Temporary Client Services Advisor,https://www.reed.co.uk/jobs/temporary-client-services-advisor/39732243?source=searchResults#/jobs/animal-jobs,"Advisor
Calls
Customer Service
Guidance"
Examiner - BTEC Next Generation,https://www.reed.co.uk/jobs/examiner-btec-next-generation/38899303?source=searchResults#/jobs/animal-jobs,missing
Project Specialist,https://www.reed.co.uk/jobs/project-specialist/39668767?source=searchResults#/jobs/animal-jobs,missing
Head of Sales - Pet Healthcare,https://www.reed.co.uk/jobs/head-of-sales-pet-healthcare/39637713?source=searchResults#/jobs/animal-jobs,missing
Team Leaders - Meat Processing ,https://www.reed.co.uk/jobs/team-leaders-meat-processing/39636396?source=searchResults#/jobs/animal-jobs,"Food Hygiene
Food Manufacturing
Health Safety
Supervising
Team Leader"
Trust and Foundations Officer,https://www.reed.co.uk/jobs/trust-and-foundations-officer/39755327?source=searchResults#/jobs/animal-jobs,"Trusts Fundraiser
Trusts and Foundations
Trusts Fundraising"
Graduate Teaching Assistant - Sutton,https://www.reed.co.uk/jobs/graduate-teaching-assistant-sutton/39662409?source=searchResults#/jobs/animal-jobs,missing
Graduate Teaching Assistant - Sutton,https://www.reed.co.uk/jobs/graduate-teaching-assistant-sutton/39625332?source=searchResults#/jobs/animal-jobs,missing
Graduate Teaching Assistant - Sutton,https://www.reed.co.uk/jobs/graduate-teaching-assistant-sutton/39611725?source=searchResults#/jobs/animal-jobs,missing
Field Service Engineer,https://www.reed.co.uk/jobs/field-service-engineer/39611848?source=searchResults#/jobs/animal-jobs,"Electrical Engineering
HVAC
Mechanical Engineering
Field Service Engineering"
Part Time HR Manager,https://www.reed.co.uk/jobs/part-time-hr-manager/39743367?source=searchResults#/jobs/animal-jobs,"Human Resources
Management"
Service Desk IT Support Technician,https://www.reed.co.uk/jobs/service-desk-it-support-technician/39743122?source=searchResults#/jobs/animal-jobs,"Helpdesk
IT"
Assistant Store Manager ,https://www.reed.co.uk/jobs/assistant-store-manager/39638065?source=searchResults#/jobs/animal-jobs,missing
German speaking Customer Service Representative,https://www.reed.co.uk/jobs/german-speaking-customer-service-representative/39702704?source=searchResults#/jobs/animal-jobs,German customer service nutrition animals dogs support advise food Animal
SEN Teaching Assistant - South West London,https://www.reed.co.uk/jobs/sen-teaching-assistant-south-west-london/39694618?source=searchResults#/jobs/animal-jobs,missing
Associate Lecturer in Animal Management,https://www.reed.co.uk/jobs/associate-lecturer-in-animal-management/39528789?source=searchResults#/jobs/animal-jobs,missing
Store Manager ,https://www.reed.co.uk/jobs/store-manager/39692877?source=searchResults#/jobs/animal-jobs,missing
Project Specialist,https://www.reed.co.uk/jobs/project-specialist/39668767?source=searchResults#/jobs/animal-jobs,missing
Team Leaders - Meat Processing ,https://www.reed.co.uk/jobs/team-leaders-meat-processing/39636396?source=searchResults#/jobs/animal-jobs,"Food Hygiene
Food Manufacturing
Health Safety
Supervising
Team Leader"
Legacy Marketing Executive 369,https://www.reed.co.uk/jobs/legacy-marketing-executive-369/39669992?source=searchResults#/jobs/animal-jobs,"Budget Management
Marketing
Relationship Management"
Part Time HR Manager,https://www.reed.co.uk/jobs/part-time-hr-manager/39743367?source=searchResults#/jobs/animal-jobs,"Human Resources
Management"
Service Desk IT Support Technician,https://www.reed.co.uk/jobs/service-desk-it-support-technician/39743122?source=searchResults#/jobs/animal-jobs,"Helpdesk
IT"
Assistant Store Manager ,https://www.reed.co.uk/jobs/assistant-store-manager/39638065?source=searchResults#/jobs/animal-jobs,missing
German speaking Customer Service Representative,https://www.reed.co.uk/jobs/german-speaking-customer-service-representative/39702704?source=searchResults#/jobs/animal-jobs,German customer service nutrition animals dogs support advise food Animal
SEN Teaching Assistant - South West London,https://www.reed.co.uk/jobs/sen-teaching-assistant-south-west-london/39694618?source=searchResults#/jobs/animal-jobs,missing
Registered Veterinary Nurse - Full Time - CPD and Training Practice,https://www.reed.co.uk/jobs/registered-veterinary-nurse-full-time-cpd-and-training-practice/38693371?source=searchResults#/jobs/animal-jobs,"Veterinary
RVN
Registered Veterinary Nurse
Student Vet Nurse"
Campaign Consultant,https://www.reed.co.uk/jobs/campaign-consultant/39564105?source=searchResults#/jobs/animal-jobs,"Communication Skills
Marketing
Marketing Campaigns
Media
Social Media"
Nursery Nurse / Teaching Assisatnt,https://www.reed.co.uk/jobs/nursery-nurse-teaching-assisatnt/39689508?source=searchResults#/jobs/animal-jobs,missing
Tropper Operator/Mobile Farm Milling Operator,https://www.reed.co.uk/jobs/tropper-operator-mobile-farm-milling-operator/39683410?source=searchResults#/jobs/animal-jobs,"Farm Equipment
Farms
FARMING"
Supervisor,https://www.reed.co.uk/jobs/supervisor/39590703?source=searchResults#/jobs/animal-jobs,Store Opening
Insurance Account Executive,https://www.reed.co.uk/jobs/insurance-account-executive/39334828?source=searchResults#/jobs/animal-jobs,missing
Assistant Product Manager,https://www.reed.co.uk/jobs/assistant-product-manager/39621725?source=searchResults#/jobs/animal-jobs,"Nutrition
marketing
product management
animal welfare and sales"
Full/ Part Time Work Experience & Industry Placement Officer,https://www.reed.co.uk/jobs/full-part-time-work-experience-industry-placement-officer/39721462?source=searchResults#/jobs/animal-jobs,missing
Receptionist,https://www.reed.co.uk/jobs/receptionist/39752480?source=searchResults#/jobs/animal-jobs,missing
CAREGiver/ Care Companion,https://www.reed.co.uk/jobs/caregiver-care-companion/39729267?source=searchResults#/jobs/animal-jobs,missing
Bilingual Team Secretary at the EMA EU Languages,https://www.reed.co.uk/jobs/bilingual-team-secretary-at-the-ema-eu-languages/39703728?source=searchResults#/jobs/animal-jobs,Secretary Administration Bilingual Pharmaceutical Scientific Regulatory Meetings amsterdam
Puppy Training Coordinator,https://www.reed.co.uk/jobs/puppy-training-coordinator/39717054?source=searchResults#/jobs/animal-jobs,missing
Special Needs Nanny/Buddy - Live-in or Live out,https://www.reed.co.uk/jobs/special-needs-nanny-buddy-live-in-or-live-out/39746589?source=searchResults#/jobs/animal-jobs,missing
Customer Success Consultant,https://www.reed.co.uk/jobs/customer-success-consultant/39642872?source=searchResults#/jobs/animal-jobs,"communication
insurance
pets
inbound call centre
telephone
customer sales"
Service Desk IT Support Technician,https://www.reed.co.uk/jobs/service-desk-it-support-technician/39727015?source=searchResults#/jobs/animal-jobs,missing
Interim Insight Manager - Continuous Data,https://www.reed.co.uk/jobs/interim-insight-manager-continuous-data/39757667?source=searchResults#/jobs/animal-jobs,Logistics
Sales Executive ,https://www.reed.co.uk/jobs/sales-executive/39714306?source=searchResults#/jobs/animal-jobs,"Cosmetics
Customer Service
Retail
Sales Executive"
Warehouse Operative (Fork Truck Driver),https://www.reed.co.uk/jobs/warehouse-operative-fork-truck-driver/39525408?source=searchResults#/jobs/animal-jobs,"Fork Lift
Overtime
Work Ethic
Methodical"
Store Manager ,https://www.reed.co.uk/jobs/store-manager/39591058?source=searchResults#/jobs/animal-jobs,missing
Petplan Senior Marketing Executive - Partner Channels,https://www.reed.co.uk/jobs/petplan-senior-marketing-executive-partner-channels/39643058?source=searchResults#/jobs/animal-jobs,"To be a success in this role
you will have significant experienc"
Supervisor ,https://www.reed.co.uk/jobs/supervisor/39663127?source=searchResults#/jobs/animal-jobs,Store Opening
Insurance Account Executive,https://www.reed.co.uk/jobs/insurance-account-executive/39334828?source=searchResults#/jobs/animal-jobs,missing
Assistant Product Manager,https://www.reed.co.uk/jobs/assistant-product-manager/39621725?source=searchResults#/jobs/animal-jobs,"Nutrition
marketing
product management
animal welfare and sales"
Senior Mechanical Engineer,https://www.reed.co.uk/jobs/senior-mechanical-engineer/39662234?source=searchResults#/jobs/animal-jobs,missing
Puppy Training Coordinator,https://www.reed.co.uk/jobs/puppy-training-coordinator/39717054?source=searchResults#/jobs/animal-jobs,missing
Class 1 LGV Livestock Driver,https://www.reed.co.uk/jobs/class-1-lgv-livestock-driver/39673001?source=searchResults#/jobs/animal-jobs,Livestock driver
Telecoms Sales Business Development Manager,https://www.reed.co.uk/jobs/telecoms-sales-business-development-manager/39736026?source=searchResults#/jobs/animal-jobs,missing
Education Support Worker - SEN,https://www.reed.co.uk/jobs/education-support-worker-sen/39678717?source=searchResults#/jobs/animal-jobs,"SEN
Education Support Worker"
Class 1 CE Livestock Delivery Driver York Perm £34-£39k,https://www.reed.co.uk/jobs/class-1-ce-livestock-delivery-driver-york-perm-34-39k/39656102?source=searchResults#/jobs/animal-jobs,missing
Class 1 CE Livestock Delivery Driver York Perm £34-£39k,https://www.reed.co.uk/jobs/class-1-ce-livestock-delivery-driver-york-perm-34-39k/39609242?source=searchResults#/jobs/animal-jobs,missing
Interim Insight Manager - Continuous Data,https://www.reed.co.uk/jobs/interim-insight-manager-continuous-data/39757667?source=searchResults#/jobs/animal-jobs,Logistics
Sales Executive ,https://www.reed.co.uk/jobs/sales-executive/39714306?source=searchResults#/jobs/animal-jobs,"Cosmetics
Customer Service
Retail
Sales Executive"
Territory Manager,https://www.reed.co.uk/jobs/territory-manager/39755231?source=searchResults#/jobs/animal-jobs,"Laboratory
Sales
Scientific Background"
Data Analyst,https://www.reed.co.uk/jobs/data-analyst/39744021?source=searchResults#/jobs/animal-jobs,missing
Supervisor,https://www.reed.co.uk/jobs/supervisor/39662717?source=searchResults#/jobs/animal-jobs,Store Opening
Automation Engineer,https://www.reed.co.uk/jobs/automation-engineer/39706956?source=searchResults#/jobs/animal-jobs,missing
Maintenance Manager,https://www.reed.co.uk/jobs/maintenance-manager/39696137?source=searchResults#/jobs/animal-jobs,"maintenance
engineering"
Supervisor,https://www.reed.co.uk/jobs/supervisor/39590735?source=searchResults#/jobs/animal-jobs,Store Opening
Farm Secretary,https://www.reed.co.uk/jobs/farm-secretary/39612376?source=searchResults#/jobs/animal-jobs,missing
Quality Assurance Manager,https://www.reed.co.uk/jobs/quality-assurance-manager/39680513?source=searchResults#/jobs/animal-jobs,"Audit
Biometrics
Quality Assurance
eQMS"
Nursery Assistant,https://www.reed.co.uk/jobs/nursery-assistant/39681644?source=searchResults#/jobs/animal-jobs,missing
Graduate Trainee Recruitment Consultant ,https://www.reed.co.uk/jobs/graduate-trainee-recruitment-consultant/39453400?source=searchResults#/jobs/animal-jobs,"Consultants
Recruitment
Training"
Class 1 CE Livestock Delivery Driver York Perm £34-£39k,https://www.reed.co.uk/jobs/class-1-ce-livestock-delivery-driver-york-perm-34-39k/39555024?source=searchResults#/jobs/animal-jobs,"Drive
Driver
HGV
Livestock
Class 1
LGV
Driving
Delivery
Cat C+E"
Puppy Training Coordinator,https://www.reed.co.uk/jobs/puppy-training-coordinator/39716619?source=searchResults#/jobs/animal-jobs,missing
Associate Lecturer in Animal Management,https://www.reed.co.uk/jobs/associate-lecturer-in-animal-management/39528789?source=searchResults#/jobs/animal-jobs,missing
Practical Learning Officer ,https://www.reed.co.uk/jobs/practical-learning-officer/39658362?source=searchResults#/jobs/animal-jobs,"Organisational Skills
Animal Management
Biological Science
Practical Programme Delivery
Teaching or Presenting Qualification"
Recruitment Administrator,https://www.reed.co.uk/jobs/recruitment-administrator/39670324?source=searchResults#/jobs/animal-jobs,"Admin
Administrative Support
Recruitment
Telephone Manner"
Executive Search Senior Consultant / Partner - Life Sciences ,https://www.reed.co.uk/jobs/executive-search-senior-consultant-partner-life-sciences/39662185?source=searchResults#/jobs/animal-jobs,"Biotechnology
Executive Search
Medical Devices
Recruitment
Life Science"
In Vitro Skin Toxicology Study Director,https://www.reed.co.uk/jobs/in-vitro-skin-toxicology-study-director/39569219?source=searchResults#/jobs/animal-jobs,"In Vitro
Toxicology
Study Managers"
Support Worker,https://www.reed.co.uk/jobs/support-worker/39572152?source=searchResults#/jobs/animal-jobs,missing
Sales Executive,https://www.reed.co.uk/jobs/sales-executive/39635932?source=searchResults#/jobs/animal-jobs,missing
HR Advisor,https://www.reed.co.uk/jobs/hr-advisor/39583903?source=searchResults#/jobs/animal-jobs,missing
RA Manager ,https://www.reed.co.uk/jobs/ra-manager/39576099?source=searchResults#/jobs/animal-jobs,"Medical Devices
Regulatory Affairs
MDR
Quality System
MDD"
Project IT Engineer,https://www.reed.co.uk/jobs/project-it-engineer/39707142?source=searchResults#/jobs/animal-jobs,missing
Senior Food Technologist,https://www.reed.co.uk/jobs/senior-food-technologist/39729884?source=searchResults#/jobs/animal-jobs,missing
Senior Data Insight Analyst,https://www.reed.co.uk/jobs/senior-data-insight-analyst/39658030?source=searchResults#/jobs/animal-jobs,"Analyst
Data Analysis"
Pre-Clinical Technology Product Manager,https://www.reed.co.uk/jobs/pre-clinical-technology-product-manager/39702183?source=searchResults#/jobs/animal-jobs,"Animal Science
Biology
Italian
Product Development
Pre-clinical Research"
Agriculture Contract Manager,https://www.reed.co.uk/jobs/agriculture-contract-manager/39725142?source=searchResults#/jobs/animal-jobs,missing
Student Progress Coach various departments,https://www.reed.co.uk/jobs/student-progress-coach-various-departments/39560794?source=searchResults#/jobs/animal-jobs,missing
CSV Project Engineer,https://www.reed.co.uk/jobs/csv-project-engineer/39714429?source=searchResults#/jobs/animal-jobs,missing
Education Support Worker,https://www.reed.co.uk/jobs/education-support-worker/39726887?source=searchResults#/jobs/animal-jobs,missing
Warehouse and Order Fulfilment Manager,https://www.reed.co.uk/jobs/warehouse-and-order-fulfilment-manager/39622580?source=searchResults#/jobs/animal-jobs,"E-commerce
Management
Warehouse Management"
SEO Lead,https://www.reed.co.uk/jobs/seo-lead/39676843?source=searchResults#/jobs/animal-jobs,missing
SEBD Teaching Assistant,https://www.reed.co.uk/jobs/sebd-teaching-assistant/39726966?source=searchResults#/jobs/animal-jobs,missing
PRU Tutor,https://www.reed.co.uk/jobs/pru-tutor/39726647?source=searchResults#/jobs/animal-jobs,missing
Process Engineer - API,https://www.reed.co.uk/jobs/process-engineer-api/39543055?source=searchResults#/jobs/animal-jobs,"pharma
api
raw materials
active pharmaceutical ingredients"
Tutor,https://www.reed.co.uk/jobs/tutor/39726525?source=searchResults#/jobs/animal-jobs,missing
Senior SEO Executive / SEO Lead,https://www.reed.co.uk/jobs/senior-seo-executive-seo-lead/39751838?source=searchResults#/jobs/animal-jobs,missing
BTEC Standards Verifier RQF,https://www.reed.co.uk/jobs/btec-standards-verifier-rqf/39229575?source=searchResults#/jobs/animal-jobs,missing
Site Manager,https://www.reed.co.uk/jobs/site-manager/39718884?source=searchResults#/jobs/animal-jobs,missing
Technical Transfer Lead,https://www.reed.co.uk/jobs/technical-transfer-lead/39678671?source=searchResults#/jobs/animal-jobs,missing
Associate Lecturer in Animal Management,https://www.reed.co.uk/jobs/associate-lecturer-in-animal-management/39528789?source=searchResults#/jobs/animal-jobs,missing
Store Manager ,https://www.reed.co.uk/jobs/store-manager/39591042?source=searchResults#/jobs/animal-jobs,missing
Agriculture Contract Manager,https://www.reed.co.uk/jobs/agriculture-contract-manager/39725142?source=searchResults#/jobs/animal-jobs,missing
Student Progress Coach various departments,https://www.reed.co.uk/jobs/student-progress-coach-various-departments/39560794?source=searchResults#/jobs/animal-jobs,missing
SEBD Teaching Assistant,https://www.reed.co.uk/jobs/sebd-teaching-assistant/39726966?source=searchResults#/jobs/animal-jobs,missing
PRU Tutor,https://www.reed.co.uk/jobs/pru-tutor/39726647?source=searchResults#/jobs/animal-jobs,missing
Process Engineer - API,https://www.reed.co.uk/jobs/process-engineer-api/39543055?source=searchResults#/jobs/animal-jobs,"pharma
api
raw materials
active pharmaceutical ingredients"
Tutor,https://www.reed.co.uk/jobs/tutor/39726525?source=searchResults#/jobs/animal-jobs,missing
Support Worker,https://www.reed.co.uk/jobs/support-worker/39758072?source=searchResults#/jobs/animal-jobs,support worker; residential support worker; adults; autism; complex needs; therapeutic; holistic
Head Gardener,https://www.reed.co.uk/jobs/head-gardener/39640834?source=searchResults#/jobs/animal-jobs,"Gardening
Horticulture
Plants"
Seasonal Presenters,https://www.reed.co.uk/jobs/seasonal-presenters/39605076?source=searchResults#/jobs/animal-jobs,"Communication Skills
Engagement
Workshops
Performances
Informal Learning"
Site Manager,https://www.reed.co.uk/jobs/site-manager/39718884?source=searchResults#/jobs/animal-jobs,missing
Technical Transfer Lead,https://www.reed.co.uk/jobs/technical-transfer-lead/39678671?source=searchResults#/jobs/animal-jobs,missing
Support Worker,https://www.reed.co.uk/jobs/support-worker/39630917?source=searchResults#/jobs/animal-jobs,support worker; residential support worker; adults; autism; complex needs; therapeutic; holistic
Medical Information Specialist-suitable for Graduates-DL10,https://www.reed.co.uk/jobs/medical-information-specialist-suitable-for-graduates-dl10/39554625?source=searchResults#/jobs/animal-jobs,"Anatomy
Biomedical
Pharmacovigilance
Physiology
Psychology"
Project Data Analytics Lead,https://www.reed.co.uk/jobs/project-data-analytics-lead/39677929?source=searchResults#/jobs/animal-jobs,missing
"Safety, Health and Environmental Advisor",https://www.reed.co.uk/jobs/safety-health-and-environmental-advisor/39735764?source=searchResults#/jobs/animal-jobs,missing
Electrical Engineer,https://www.reed.co.uk/jobs/electrical-engineer/39558087?source=searchResults#/jobs/animal-jobs,missing
Quality Control Manager,https://www.reed.co.uk/jobs/quality-control-manager/39570179?source=searchResults#/jobs/animal-jobs,missing
Dog Handler,https://www.reed.co.uk/jobs/dog-handler/39730451?source=searchResults#/jobs/animal-jobs,missing
Veterinary Anesthetist - Small Animals,https://www.reed.co.uk/jobs/veterinary-anesthetist-small-animals/39705988?source=searchResults#/jobs/animal-jobs,missing
Head Veterinary Nurse,https://www.reed.co.uk/jobs/head-veterinary-nurse/39590899?source=searchResults#/jobs/animal-jobs,"Career Development
Customer Care
Veterinary
Veterinary Medicine
Vet Nurse"
Experienced Equine Veterinary Surgeon - RCVS-accredited Equine Clinic - Somerset,https://www.reed.co.uk/jobs/experienced-equine-veterinary-surgeon-rcvs-accredited-equine-clinic-somerset/38743854?source=searchResults#/jobs/animal-jobs,"Veterinary
equine
Surgeon
Veterinary Surgeon"
Night Veterinary Surgeon - 7 On 7 Off - Attractive Package,https://www.reed.co.uk/jobs/night-veterinary-surgeon-7-on-7-off-attractive-package/39131253?source=searchResults#/jobs/animal-jobs,"Management
surgery
vet
small animal
Veterinary surgeon"
IFS SYSTEM ANALYST,https://www.reed.co.uk/jobs/ifs-system-analyst/39528298?source=searchResults#/jobs/animal-jobs,missing
Spa Manager,https://www.reed.co.uk/jobs/spa-manager/39544577?source=searchResults#/jobs/animal-jobs,"retail
manager
management
pets
spa
salon
animals
dog
stylist
new store opening
big box
groomer"
Spa Manager,https://www.reed.co.uk/jobs/spa-manager/39544587?source=searchResults#/jobs/animal-jobs,"retail
manager
management
pets
spa
salon
animals
dog
stylist
new store opening
big box
groomer"
Store Manager (Fixed Term),https://www.reed.co.uk/jobs/store-manager-fixed-term/39591272?source=searchResults#/jobs/animal-jobs,missing
Store Manager ,https://www.reed.co.uk/jobs/store-manager/39692877?source=searchResults#/jobs/animal-jobs,missing
Ideal opportunity for a Veterinary Nurse,https://www.reed.co.uk/jobs/ideal-opportunity-for-a-veterinary-nurse/39304901?source=searchResults#/jobs/animal-jobs,"Qualified
Unqualified
Vet Nurse
Pet Insurance Claims"
Assistant Equestrian Manager,https://www.reed.co.uk/jobs/assistant-equestrian-manager/39659394?source=searchResults#/jobs/animal-jobs,"Horse
Teaching
Equestrian
Horses
Horse Training"
Groom,https://www.reed.co.uk/jobs/groom/39628286?source=searchResults#/jobs/animal-jobs,missing
Pet Insurance Claims Assessor,https://www.reed.co.uk/jobs/pet-insurance-claims-assessor/39001904?source=searchResults#/jobs/animal-jobs,"Customer Service
Veterinary
Vet Nurse"
